,time,train_loss,train_acc,test_loss,test_acc
0,0.43492603302001953,53.813646578722135,0.5333333333333333,62.127648913704846,0.4633333333333333
1,0.858781099319458,46.92957947911958,0.5433333333333333,54.50768215225629,0.44333333333333336
2,1.2836310863494873,44.127358009563686,0.54,51.24719345253702,0.45
3,1.7085521221160889,42.55597315288311,0.5366666666666666,49.926005829779825,0.45666666666666667
4,2.131201982498169,41.55618266008275,0.5733333333333334,49.29074980172886,0.48
5,2.5546700954437256,39.50591655738842,0.5866666666666667,48.03475204627563,0.48333333333333334
6,2.9770700931549072,35.225223829820465,0.5933333333333334,45.09326950607178,0.48
7,3.3992550373077393,34.308478369846064,0.5933333333333334,44.69902558965928,0.4766666666666667
8,3.821277141571045,33.89704147034346,0.6033333333333334,44.20193650460083,0.49
9,4.243612051010132,33.328114715651644,0.6066666666666667,43.97025896506564,0.49
10,4.665942907333374,32.7658717139207,0.6166666666666667,43.68526606209631,0.49333333333333335
11,5.088425874710083,32.249233837950875,0.6266666666666667,43.41115891555935,0.49666666666666665
12,5.512125253677368,31.815312199921973,0.6433333333333333,43.1548075659071,0.5
13,5.933995008468628,31.403045654036827,0.6566666666666666,42.8607258295734,0.5
14,6.356680870056152,30.995213684754173,0.6566666666666666,42.557236829433705,0.5166666666666667
15,6.779278993606567,30.60171486574193,0.6666666666666666,42.256499467705225,0.5166666666666667
16,7.202477931976318,30.183988215428656,0.67,42.04695060786185,0.5266666666666666
17,7.624342918395996,29.803275977457268,0.67,41.78013240496216,0.53
18,8.047965049743652,29.47383578162363,0.6833333333333333,41.48313098658997,0.55
19,8.472531080245972,29.155524949418965,0.7,41.16777071674427,0.5566666666666666
20,8.895691871643066,28.83899329096878,0.7033333333333334,40.82212365101947,0.5633333333333334
21,9.31818699836731,28.54342798585086,0.7066666666666667,40.572250767120735,0.5666666666666667
22,9.740570068359375,28.262467265537683,0.7233333333333334,40.36258616590533,0.5666666666666667
23,10.166786909103394,27.988220136688312,0.7233333333333334,40.14371472217681,0.5666666666666667
24,10.590993165969849,27.720994944257647,0.7233333333333334,39.93228343467197,0.57
25,11.014029026031494,27.459010320250528,0.7233333333333334,39.7239349492602,0.5666666666666667
26,11.438431024551392,27.203728882312653,0.7233333333333334,39.518299177822705,0.57
27,11.862526178359985,26.956360703375864,0.7333333333333333,39.314123407577405,0.57
28,12.286564111709595,26.71610658754189,0.7333333333333333,39.115612609457926,0.5733333333333334
29,12.709217071533203,26.489483559816833,0.7366666666666667,38.93076339347955,0.58
30,13.131603956222534,26.27295798777732,0.74,38.75570775276875,0.5866666666666667
31,13.555510997772217,26.069376125078552,0.7333333333333333,38.59355744225261,0.59
32,13.978554010391235,25.869832870902922,0.74,38.43692651112695,0.5933333333333334
33,14.402409076690674,25.676228266085374,0.74,38.282302911168884,0.6
34,14.825607061386108,25.48515564305522,0.7433333333333333,38.1334299582171,0.6033333333333334
35,15.248284101486206,25.29280497798743,0.7433333333333333,37.98474271672099,0.6
36,15.671772003173828,25.103469162228528,0.7433333333333333,37.842242881783584,0.6033333333333334
37,16.094865083694458,24.909574094991278,0.7433333333333333,37.71183886832169,0.6033333333333334
38,16.51829504966736,24.716364790288978,0.7433333333333333,37.586957736538245,0.6066666666666667
39,16.94044518470764,24.533116081197083,0.7433333333333333,37.46281125509141,0.6133333333333333
40,17.364269018173218,24.359262859713184,0.7466666666666667,37.33354157776218,0.6133333333333333
41,17.787976264953613,24.186159779626585,0.7566666666666667,37.20243288681031,0.6166666666666667
42,18.212585926055908,24.01177982019118,0.76,37.07342471542248,0.62
43,18.636090993881226,23.872412297096492,0.7733333333333333,36.99971887545123,0.6233333333333333
44,19.059033155441284,23.73200151986671,0.7733333333333333,36.912176282870966,0.6233333333333333
45,19.48224711418152,23.59459500800644,0.7766666666666666,36.83015506341919,0.6233333333333333
46,19.906920194625854,23.492010575801167,0.7766666666666666,36.75950871950504,0.6266666666666667
47,20.33318591117859,23.330316407287196,0.7766666666666666,36.653612653838145,0.63
48,20.75688910484314,23.156629157249412,0.7833333333333333,36.53961715656768,0.6366666666666667
49,21.18051290512085,22.98885955258618,0.7866666666666666,36.42730133398843,0.6366666666666667
50,21.60363006591797,22.826966423498586,0.7866666666666666,36.311677138802835,0.64
51,22.027342081069946,22.671430697004755,0.7833333333333333,36.19962263798958,0.6433333333333333
52,22.45201802253723,22.521918445536567,0.79,36.09323450931494,0.6433333333333333
53,22.876471042633057,22.377874470461805,0.7966666666666666,35.991225748058596,0.64
54,23.30005693435669,22.240034580594585,0.8,35.893370544468574,0.64
55,23.723289966583252,22.101757807265614,0.8,35.800050788212,0.6433333333333333
56,24.145439863204956,21.966983783107285,0.8,35.71095620462591,0.64
57,24.569578886032104,21.834133824429568,0.8,35.62330037599309,0.6466666666666666
58,24.99199104309082,21.700097572518278,0.8,35.53954043956231,0.6466666666666666
59,25.414241075515747,21.565258452432005,0.8033333333333333,35.46118142283266,0.6466666666666666
60,25.836395978927612,21.42622408595957,0.8033333333333333,35.37962376402757,0.6433333333333333
61,26.2589750289917,21.280577617939098,0.8033333333333333,35.278321752038664,0.6433333333333333
62,26.682480096817017,21.124727826727078,0.8033333333333333,35.17101230256058,0.64
63,27.104716062545776,20.973625312731556,0.8033333333333333,35.066929176301855,0.6433333333333333
64,27.527041912078857,20.834890187842134,0.8066666666666666,34.97800411328879,0.6433333333333333
65,27.95034694671631,20.69866763907005,0.8066666666666666,34.89965588185075,0.64
66,28.373117208480835,20.565620542656404,0.81,34.827434987583004,0.64
67,28.795607089996338,20.441863209549044,0.81,34.75856321106145,0.64
68,29.21841597557068,20.321236442618794,0.81,34.69883103409175,0.64
69,29.640627145767212,20.21041580117984,0.81,34.64357308300264,0.6433333333333333
70,30.06683897972107,20.102255385766725,0.8133333333333334,34.59236897006167,0.6466666666666666
71,30.4891939163208,19.995132484045893,0.8166666666666667,34.540068386100685,0.6466666666666666
72,30.911816835403442,19.890868656847072,0.8166666666666667,34.48320080199951,0.6433333333333333
73,31.33608388900757,19.78862662404819,0.81,34.422959815622235,0.6433333333333333
74,31.759323120117188,19.68793354714953,0.81,34.366121594476944,0.64
75,32.182032108306885,19.58885231149519,0.81,34.31065973235624,0.6366666666666667
76,32.60571599006653,19.491228264909292,0.81,34.25421650187942,0.6366666666666667
77,33.029253005981445,19.39444279775685,0.8133333333333334,34.1977761071405,0.64
78,33.45129418373108,19.297046948043096,0.8133333333333334,34.13928572528777,0.64
79,33.87470507621765,19.19890377844294,0.8166666666666667,34.07788158830034,0.64
80,34.29824900627136,19.098994366256242,0.82,34.01690008994385,0.64
81,34.721848011016846,18.99803884325062,0.82,33.95914238989717,0.64
82,35.14508891105652,18.898002285316867,0.8233333333333334,33.90362156043228,0.6466666666666666
83,35.56834697723389,18.803068808569332,0.8233333333333334,33.850955853009005,0.6466666666666666
84,35.992348194122314,18.71403856532814,0.8233333333333334,33.80110940982885,0.65
85,36.41358208656311,18.628766369975313,0.8233333333333334,33.751344964753656,0.6533333333333333
86,36.83633613586426,18.54463421491491,0.8266666666666667,33.70136781669167,0.6533333333333333
87,37.259979009628296,18.461295588022963,0.8233333333333334,33.65127273157278,0.6533333333333333
88,37.68144607543945,18.37905020759067,0.8233333333333334,33.60139261310771,0.6533333333333333
89,38.104926109313965,18.299158097648636,0.83,33.55133451804309,0.6533333333333333
90,38.52885699272156,18.220716457038545,0.83,33.50064628318057,0.6533333333333333
91,38.95180416107178,18.144014619167983,0.83,33.44821616831147,0.6533333333333333
92,39.3752601146698,18.069414774245224,0.83,33.39246406193892,0.6566666666666666
93,39.79888987541199,17.99551400518803,0.8333333333333334,33.33432619968438,0.6566666666666666
94,40.223753929138184,17.922497573650954,0.8333333333333334,33.27600717983878,0.6566666666666666
95,40.646071910858154,17.849582494004174,0.8333333333333334,33.22096642507972,0.6566666666666666
96,41.06992197036743,17.77686200454755,0.8333333333333334,33.17027218735325,0.66
97,41.49355101585388,17.703112880342328,0.8333333333333334,33.123146176804745,0.66
98,41.91709804534912,17.62662306085795,0.8333333333333334,33.07982306596353,0.6633333333333333
99,42.33926486968994,17.549135678236606,0.8333333333333334,33.04180617489418,0.6633333333333333
100,42.7635018825531,17.479590599627738,0.8333333333333334,33.0064666598404,0.66
101,43.18857502937317,17.414212423854238,0.8333333333333334,32.97243097249391,0.6566666666666666
102,43.607665061950684,17.34995008532063,0.8333333333333334,32.9403404306167,0.6566666666666666
103,44.026813983917236,17.286444505854178,0.8333333333333334,32.90933909961103,0.66
104,44.44571614265442,17.220517837272276,0.8333333333333334,32.878076549223486,0.6566666666666666
105,44.86569094657898,17.153585381585764,0.8333333333333334,32.847865033398854,0.6566666666666666
106,45.28633999824524,17.086616985624396,0.8333333333333334,32.8160873015213,0.66
107,45.70590806007385,17.022322725155707,0.8366666666666667,32.782736986768654,0.66
108,46.12808680534363,16.959696606495054,0.8366666666666667,32.74895994407893,0.6633333333333333
109,46.54737091064453,16.897649799241318,0.84,32.71637838315493,0.6633333333333333
110,46.96704697608948,16.834544295260308,0.84,32.68596370053534,0.67
111,47.38708686828613,16.770437300260962,0.84,32.656369157301505,0.6733333333333333
112,47.80711102485657,16.705651594274045,0.84,32.62628199981385,0.6733333333333333
113,48.22687602043152,16.640306429860765,0.84,32.59754502596457,0.6733333333333333
114,48.64634990692139,16.573375500751318,0.8366666666666667,32.56979677117547,0.6766666666666666
115,49.06652879714966,16.50621156489775,0.8366666666666667,32.54290432138458,0.6733333333333333
116,49.48632788658142,16.438793343164164,0.8366666666666667,32.51654636530958,0.6733333333333333
117,49.9057879447937,16.37112972923262,0.8366666666666667,32.49064610397685,0.6733333333333333
118,50.32545280456543,16.303110449090962,0.8366666666666667,32.46649012631188,0.6733333333333333
119,50.745672941207886,16.23476948857009,0.8366666666666667,32.44293309301624,0.6766666666666666
120,51.16618776321411,16.16455784378022,0.8366666666666667,32.42114339319912,0.6766666666666666
121,51.58685088157654,16.091076013340814,0.8366666666666667,32.400016859388465,0.68
122,52.00786089897156,16.019531289629878,0.8366666666666667,32.37769870247325,0.68
123,52.427228927612305,15.948942039155535,0.8366666666666667,32.35709240289553,0.68
124,52.84780979156494,15.880962592536482,0.84,32.337649809150065,0.68
125,53.26801013946533,15.81451962956866,0.84,32.318332846634014,0.68
126,53.68975281715393,15.749660033464432,0.84,32.30170687780868,0.6833333333333333
127,54.10979890823364,15.687184065220345,0.84,32.28616250178056,0.6833333333333333
128,54.53060793876648,15.626461058778588,0.84,32.27122017772489,0.6833333333333333
129,54.95043587684631,15.56777624501006,0.85,32.257843254127415,0.6833333333333333
130,55.36995887756348,15.51054027416868,0.8566666666666667,32.24337242659294,0.69
131,55.79021406173706,15.454362015882898,0.8566666666666667,32.229351979352884,0.6933333333333334
132,56.21119809150696,15.399036856361757,0.8566666666666667,32.21572026972447,0.6966666666666667
133,56.63203477859497,15.34434763560924,0.8566666666666667,32.20242571867173,0.6966666666666667
134,57.05333590507507,15.290250696487412,0.8566666666666667,32.188739653023106,0.6966666666666667
135,57.47426390647888,15.237107596181424,0.8566666666666667,32.175488375555894,0.6966666666666667
136,57.89493274688721,15.184855375224393,0.8566666666666667,32.16257421346163,0.6933333333333334
137,58.33012390136719,15.133263909507233,0.8566666666666667,32.1500258758542,0.6933333333333334
138,58.750327825546265,15.082027479913995,0.8566666666666667,32.13788003963811,0.6966666666666667
139,59.17106080055237,15.031406581621523,0.8566666666666667,32.12569999033673,0.6966666666666667
140,59.590208768844604,14.981251913837703,0.8566666666666667,32.11193809369076,0.6966666666666667
141,60.009437084198,14.9314604898799,0.8566666666666667,32.09845590161608,0.6966666666666667
142,60.42727589607239,14.882196111624928,0.8566666666666667,32.08548837195393,0.6966666666666667
143,60.847609996795654,14.833570642468644,0.8566666666666667,32.07221991992638,0.6966666666666667
144,61.26787495613098,14.784988407743283,0.8566666666666667,32.058691940723364,0.6933333333333334
145,61.6867778301239,14.733987161950841,0.8566666666666667,32.045344671661624,0.6933333333333334
146,62.106870889663696,14.683340648804215,0.8566666666666667,32.03231717357422,0.6933333333333334
147,62.52522683143616,14.633246166688917,0.8566666666666667,32.019255425031695,0.6933333333333334
148,62.94592595100403,14.583815998708186,0.8566666666666667,32.005703115870524,0.6966666666666667
149,63.36588191986084,14.535038300619647,0.8566666666666667,31.991315354125458,0.6966666666666667
150,63.78580284118652,14.485081111858298,0.8566666666666667,31.97516923151374,0.6966666666666667
151,64.20597577095032,14.435352538308702,0.8566666666666667,31.958440217545423,0.6966666666666667
152,64.62527298927307,14.386020004280429,0.8566666666666667,31.941533655001276,0.6966666666666667
153,65.04402089118958,14.337335524251898,0.8566666666666667,31.923162333464514,0.6966666666666667
154,65.4644238948822,14.2893478458221,0.86,31.904357739952943,0.6966666666666667
155,65.88407897949219,14.24197886673239,0.86,31.885572553705554,0.6966666666666667
156,66.30443787574768,14.195913446370126,0.86,31.866756156341058,0.6966666666666667
157,66.72411608695984,14.150646604015408,0.86,31.848078946768545,0.7
158,67.14166378974915,14.105910334777946,0.86,31.82986008312431,0.6966666666666667
159,67.5609519481659,14.06177297818428,0.8566666666666667,31.811762361103952,0.7
160,67.9796040058136,14.018389442028552,0.86,31.790580667873392,0.7
161,68.41523170471191,13.975657875448142,0.86,31.769504482828353,0.7
162,68.83455181121826,13.933070839207407,0.86,31.748629761758377,0.7
163,69.2540009021759,13.8908893166507,0.86,31.72799740737888,0.7
164,69.67389607429504,13.849066861016503,0.86,31.707663168313896,0.7
165,70.09364008903503,13.807473537562856,0.8633333333333333,31.68763089944224,0.7
166,70.51312708854675,13.765937201703666,0.8666666666666667,31.667863768842203,0.7
167,70.9337728023529,13.724227847134364,0.8666666666666667,31.648372964911722,0.7
168,71.35279488563538,13.682738079232115,0.8666666666666667,31.627732721517077,0.7
169,71.77340602874756,13.641045401666183,0.8733333333333333,31.607050467001095,0.7
170,72.19306087493896,13.599416515001241,0.8766666666666667,31.586584461297935,0.7
171,72.61348009109497,13.558104258972039,0.8766666666666667,31.566349839364737,0.7
172,73.03549885749817,13.514856617662911,0.8766666666666667,31.546330320320394,0.7
173,73.45576095581055,13.47174010314784,0.8766666666666667,31.526529435032618,0.7
174,73.87548995018005,13.428850794332051,0.8766666666666667,31.50711978599857,0.7
175,74.29477381706238,13.386238669913338,0.8766666666666667,31.487759224497374,0.7
176,74.71496987342834,13.344776458890463,0.8766666666666667,31.46826104042463,0.7
177,75.13349199295044,13.303593740351968,0.88,31.44901075002523,0.7
178,75.55310606956482,13.26269497141199,0.8833333333333333,31.42856238187863,0.7
179,75.97263193130493,13.222126583435363,0.88,31.407455526181746,0.7
180,76.39362692832947,13.182009071042941,0.88,31.386616244401317,0.7
181,76.8142569065094,13.1421768325007,0.88,31.36606146003557,0.7
182,77.23411107063293,13.102688964802189,0.88,31.346004455589785,0.7
183,77.65355086326599,13.062286533505322,0.88,31.326538320536763,0.7
184,78.07343697547913,13.021736138273178,0.88,31.307380849610123,0.7
185,78.49944305419922,12.98145438619918,0.8833333333333333,31.288539711773474,0.7
186,78.91881895065308,12.941436939707472,0.8833333333333333,31.270000051688857,0.7
187,79.33784794807434,12.901677578846428,0.8866666666666667,31.25183199021672,0.7
188,79.75595879554749,12.862170217187444,0.8866666666666667,31.23420286728323,0.7
189,80.17589998245239,12.822906478246507,0.8866666666666667,31.216094057600955,0.7033333333333334
190,80.59641408920288,12.784263483103055,0.8866666666666667,31.198235358159334,0.7033333333333334
191,81.01674103736877,12.745989251678447,0.8866666666666667,31.179919935320264,0.7033333333333334
192,81.43627691268921,12.707927484025962,0.8866666666666667,31.16169113986741,0.7033333333333334
193,81.85595774650574,12.670068124515872,0.8866666666666667,31.14341480053415,0.7033333333333334
194,82.27453804016113,12.632282189974344,0.8866666666666667,31.12525295877775,0.7033333333333334
195,82.69516491889954,12.594637898135124,0.8866666666666667,31.106052408975067,0.7033333333333334
196,83.11535382270813,12.557168154911395,0.8866666666666667,31.08615117153533,0.7033333333333334
197,83.5352520942688,12.519863855455462,0.89,31.066559987291253,0.7033333333333334
198,83.95485281944275,12.482780008416695,0.89,31.047284385828902,0.7033333333333334
199,84.37450790405273,12.445781825064968,0.89,31.02832955067933,0.7033333333333334
200,84.81278204917908,12.408650831197027,0.89,31.009701465986467,0.7033333333333334
201,85.23478317260742,12.371660619191506,0.89,30.991406652153408,0.7066666666666667
202,85.65596103668213,12.334800090338122,0.89,30.973451739263382,0.7066666666666667
203,86.08038330078125,12.298062863070001,0.89,30.955840940177396,0.7066666666666667
204,86.50096201896667,12.26143908545176,0.8933333333333333,30.938581345195576,0.7066666666666667
205,86.92267417907715,12.22463955627536,0.8933333333333333,30.92167710449393,0.71
206,87.34626293182373,12.187733186537793,0.8933333333333333,30.90488733534324,0.71
207,87.77030229568481,12.150427644713009,0.8933333333333333,30.888252198623647,0.7133333333333334
208,88.19394016265869,12.113309343818802,0.8966666666666666,30.871934895846152,0.7133333333333334
209,88.61737108230591,12.076275767153756,0.8966666666666666,30.855920014589156,0.7133333333333334
210,89.04053115844727,12.039286753327707,0.8966666666666666,30.840204182076587,0.7133333333333334
211,89.46316814422607,12.002346874043285,0.8966666666666666,30.824696129244522,0.7133333333333334
212,89.88656711578369,11.965615896914308,0.8966666666666666,30.80959738900894,0.7133333333333334
213,90.30927300453186,11.92894333437391,0.8966666666666666,30.794900131232506,0.7133333333333334
214,90.7330322265625,11.892330008367104,0.8966666666666666,30.779692027702126,0.7133333333333334
215,91.15450811386108,11.855793984713747,0.8966666666666666,30.764673493126395,0.7133333333333334
216,91.57620120048523,11.819343922203323,0.8966666666666666,30.74982167934443,0.7133333333333334
217,91.99840092658997,11.783075573465656,0.8966666666666666,30.73510737144159,0.7166666666666667
218,92.41881012916565,11.746889325593463,0.8966666666666666,30.720499932696523,0.72
219,92.84146189689636,11.710790341098665,0.8966666666666666,30.705972367988295,0.72
220,93.26431202888489,11.67476542498797,0.8966666666666666,30.69149805403321,0.7233333333333334
221,93.68341398239136,11.63881853412481,0.8966666666666666,30.67692851590002,0.7233333333333334
222,94.10571098327637,11.60296506560265,0.8966666666666666,30.662030661966956,0.7233333333333334
223,94.5287561416626,11.567203388764913,0.9,30.647127901583126,0.7233333333333334
224,94.95089602470398,11.531529449689907,0.9,30.63219338161034,0.7233333333333334
225,95.37388515472412,11.495919997731066,0.9,30.617175440809007,0.7233333333333334
226,95.79434323310852,11.460257064136924,0.9,30.60204341692378,0.7233333333333334
227,96.2204372882843,11.42465383966274,0.9,30.586764864527353,0.72
228,96.6404881477356,11.389093108758036,0.9,30.571305849004208,0.72
229,97.06108808517456,11.353553083833585,0.9,30.555750502549817,0.72
230,97.48214507102966,11.318230617813374,0.9,30.539947069738936,0.72
231,97.90301203727722,11.282953266035898,0.9,30.52387049917522,0.72
232,98.32457208633423,11.247625804535069,0.9033333333333333,30.507514531132134,0.72
233,98.74639105796814,11.21220707463494,0.9033333333333333,30.49090892199022,0.72
234,99.16771006584167,11.176645569036655,0.9033333333333333,30.474769520023354,0.7233333333333334
235,99.5888512134552,11.14079905032116,0.9033333333333333,30.459837166710567,0.7233333333333334
236,100.0116560459137,11.104560136446768,0.9066666666666666,30.444833185359506,0.72
237,100.43299698829651,11.068059568641154,0.9066666666666666,30.431721677328035,0.7233333333333334
238,100.85303211212158,11.030558044606252,0.9133333333333333,30.422133848682034,0.7233333333333334
239,101.27569818496704,10.984430646630976,0.9133333333333333,30.414547964430827,0.7233333333333334
240,101.69741106033325,10.921488825378542,0.9133333333333333,30.39240558163307,0.7233333333333334
241,102.11881899833679,10.862866989503878,0.9133333333333333,30.368662868590565,0.7233333333333334
242,102.54056310653687,10.814296183622165,0.9133333333333333,30.345841296227587,0.7233333333333334
243,102.96128296852112,10.773356259188544,0.9133333333333333,30.325457209873985,0.7233333333333334
244,103.38231110572815,10.736588584393818,0.9133333333333333,30.307413017409413,0.7233333333333334
245,103.80526399612427,10.701409797709413,0.9133333333333333,30.29092213659783,0.7233333333333334
246,104.22682809829712,10.66701522095178,0.9133333333333333,30.275524459824897,0.7233333333333334
247,104.64696002006531,10.632824496110583,0.9133333333333333,30.26070945699399,0.7266666666666667
248,105.06724810600281,10.59875604981128,0.9133333333333333,30.246117731291033,0.7266666666666667
249,105.4893889427185,10.564885830781552,0.9133333333333333,30.231409065124474,0.73
250,105.9098391532898,10.531085955824363,0.9133333333333333,30.216739767528704,0.73
251,106.33478498458862,10.49667702541006,0.9133333333333333,30.202074160781198,0.73
252,106.75541019439697,10.462272884518445,0.9133333333333333,30.187565468619944,0.7333333333333333
253,107.1785409450531,10.427669944205542,0.9133333333333333,30.173095108261453,0.7333333333333333
254,107.59895205497742,10.392819133420325,0.9133333333333333,30.158607746429333,0.7333333333333333
255,108.01970505714417,10.357949103913809,0.9133333333333333,30.144114250125483,0.7333333333333333
256,108.44069004058838,10.323047309840215,0.9133333333333333,30.129652985714642,0.7333333333333333
257,108.86194396018982,10.28810205272309,0.9166666666666666,30.115247909077056,0.73
258,109.28243708610535,10.252878102432508,0.92,30.10092551021283,0.73
259,109.70478010177612,10.217564499786617,0.92,30.086735441447313,0.7266666666666667
260,110.12690496444702,10.182152615580256,0.92,30.0727247042948,0.7266666666666667
261,110.54961514472961,10.146619889331372,0.9233333333333333,30.058939432101315,0.7266666666666667
262,110.96998429298401,10.110937163931759,0.9233333333333333,30.04543171618998,0.7266666666666667
263,111.39392614364624,10.075066215655317,0.9233333333333333,30.03234245660975,0.7266666666666667
264,111.81525492668152,10.038955885121968,0.9233333333333333,30.019633299090746,0.7266666666666667
265,112.23576307296753,10.002552563322462,0.9266666666666666,30.007253357756888,0.7266666666666667
266,112.65744924545288,9.966205664567093,0.9266666666666666,29.99509171808767,0.7266666666666667
267,113.07855725288391,9.929448712658987,0.9266666666666666,29.98298521365961,0.73
268,113.50096702575684,9.892237525786593,0.9266666666666666,29.970563388806397,0.73
269,113.92242121696472,9.854584814851128,0.9266666666666666,29.95736915656632,0.7333333333333333
270,114.3435308933258,9.81659602869946,0.9266666666666666,29.941867030878974,0.73
271,114.76402616500854,9.778556988073644,0.9266666666666666,29.925748653963,0.73
272,115.18520712852478,9.740633676598957,0.9266666666666666,29.911425631837762,0.7333333333333333
273,115.6068799495697,9.703183233676766,0.9266666666666666,29.897387505104412,0.7333333333333333
274,116.02768611907959,9.666484671860688,0.9266666666666666,29.882629938511982,0.7366666666666667
275,116.4557831287384,9.630705280705419,0.9266666666666666,29.86759097103971,0.7366666666666667
276,116.8771960735321,9.596165007432253,0.9266666666666666,29.852925603609698,0.7366666666666667
277,117.29886817932129,9.562625066332291,0.9266666666666666,29.83892014697655,0.7366666666666667
278,117.71983408927917,9.53000125737319,0.93,29.824410204205847,0.7366666666666667
279,118.14149117469788,9.498225258539005,0.93,29.81016727160595,0.7366666666666667
280,118.56220626831055,9.467257966909568,0.9333333333333333,29.797008248867325,0.7366666666666667
281,118.98281526565552,9.436872984810615,0.9366666666666666,29.783631796244205,0.7366666666666667
282,119.40506911277771,9.407152603241636,0.9366666666666666,29.77124528845307,0.7366666666666667
283,119.82621097564697,9.378093606554453,0.9366666666666666,29.759898056646158,0.7366666666666667
284,120.24771308898926,9.349647156533363,0.9366666666666666,29.749492258749136,0.7366666666666667
285,120.66865921020508,9.321780001929604,0.9366666666666666,29.739930859087412,0.74
286,121.0887930393219,9.294359914022335,0.9366666666666666,29.73112162727635,0.74
287,121.51010298728943,9.267405716147312,0.9366666666666666,29.722979035095122,0.74
288,121.93140816688538,9.240885339421125,0.9366666666666666,29.715424915114024,0.74
289,122.35226321220398,9.21476002685535,0.9366666666666666,29.70844509388747,0.74
290,122.77446222305298,9.188992919616458,0.9366666666666666,29.701971435963937,0.7433333333333333
291,123.19476127624512,9.16374278564317,0.94,29.695896552534002,0.7433333333333333
292,123.61519622802734,9.138939045270757,0.94,29.690166242420133,0.7433333333333333
293,124.03547525405884,9.114386807759544,0.94,29.684734200900905,0.7433333333333333
294,124.45617914199829,9.090057934014567,0.94,29.67955884014598,0.7433333333333333
295,124.87756609916687,9.065927005067849,0.9433333333333334,29.674602911120623,0.7433333333333333
296,125.30002617835999,9.04189793068463,0.9433333333333334,29.669833196624683,0.7433333333333333
297,125.72147011756897,9.018024977704776,0.9433333333333334,29.665218684462577,0.7433333333333333
298,126.14361524581909,8.994292545051005,0.9466666666666667,29.660735315381675,0.7433333333333333
299,126.62144207954407,8.970686877007804,0.9466666666666667,29.65636063523666,0.7433333333333333
300,127.05306887626648,8.947197280309332,0.9466666666666667,29.65203127915802,0.7433333333333333
301,127.47423696517944,8.923816152605255,0.95,29.647735879711803,0.7433333333333333
302,127.89334011077881,8.90053894268368,0.95,29.64350077586509,0.7433333333333333
303,128.3142580986023,8.877364015673628,0.95,29.639313209311293,0.7433333333333333
304,128.7346568107605,8.854292403258778,0.95,29.63516516190434,0.7433333333333333
305,129.15404200553894,8.83132743188004,0.95,29.631059018686948,0.7433333333333333
306,129.57464003562927,8.808474239245902,0.95,29.626995550173376,0.7433333333333333
307,129.99384784698486,8.785785549784062,0.95,29.622995112524368,0.7433333333333333
308,130.41343092918396,8.763229260650512,0.95,29.619596300172926,0.7433333333333333
309,130.83217811584473,8.74080266463326,0.95,29.616362589583222,0.7433333333333333
310,131.25145196914673,8.717785096265036,0.95,29.613186617722654,0.7433333333333333
311,131.6706190109253,8.69487958109029,0.95,29.6101092909231,0.7433333333333333
312,132.0911898612976,8.672144117149342,0.95,29.607115474746777,0.7466666666666667
313,132.51250100135803,8.649575462696918,0.95,29.60432125734188,0.7466666666666667
314,132.93143010139465,8.627174968650948,0.95,29.60151628800056,0.7466666666666667
315,133.3513240814209,8.604942601361687,0.95,29.598810900373905,0.7466666666666667
316,133.77024817466736,8.583258760570256,0.95,29.596178362818115,0.75
317,134.192400932312,8.561854285614814,0.95,29.593619486882606,0.75
318,134.6126320362091,8.54060872276955,0.95,29.59113467145065,0.75
319,135.03246879577637,8.519518305710783,0.95,29.588723941651455,0.75
320,135.4519169330597,8.498578870048787,0.95,29.5863869834063,0.75
321,135.87195897102356,8.477786040108303,0.95,29.584856694965026,0.75
322,136.29211401939392,8.457140735974422,0.95,29.584131106687927,0.7466666666666667
323,136.71155285835266,8.436519741366869,0.95,29.583737461211445,0.7466666666666667
324,137.13282179832458,8.415616200507008,0.95,29.58341684856306,0.7466666666666667
325,137.55692410469055,8.394896209818082,0.95,29.583135534062524,0.7466666666666667
326,137.97716283798218,8.374309087456233,0.95,29.58288996227296,0.7466666666666667
327,138.39567399024963,8.35368312926641,0.95,29.58267770630652,0.7466666666666667
328,138.81364607810974,8.333204008733217,0.95,29.58622488618658,0.7466666666666667
329,139.23295497894287,8.312870645303978,0.95,29.591129120244066,0.7466666666666667
330,139.65218591690063,8.292683456350035,0.95,29.596070907607395,0.7466666666666667
331,140.07377910614014,8.272645087093249,0.95,29.60102258140181,0.7466666666666667
332,140.49444222450256,8.252761664524781,0.95,29.605953635925047,0.7466666666666667
333,140.9135410785675,8.232994136365104,0.95,29.61115468811404,0.7466666666666667
334,141.33448314666748,8.213380569285002,0.95,29.616248689942786,0.7466666666666667
335,141.7530221939087,8.193995803002599,0.95,29.621177030274588,0.7466666666666667
336,142.17285895347595,8.174907279670641,0.95,29.62586466628082,0.7466666666666667
337,142.5922920703888,8.15621173453048,0.95,29.63022567198589,0.7433333333333333
338,143.01294803619385,8.13793354000454,0.95,29.634207602250097,0.7433333333333333
339,143.43329906463623,8.119724598080149,0.95,29.63774171951717,0.7433333333333333
340,143.85344982147217,8.101191404542393,0.95,29.640995185293747,0.7433333333333333
341,144.2753930091858,8.08244055073028,0.95,29.64445574607197,0.7433333333333333
342,144.69504499435425,8.06384246343675,0.95,29.648177859539704,0.7433333333333333
343,145.11562609672546,8.04552801071833,0.95,29.65214674204181,0.74
344,145.53561091423035,8.027399428145703,0.95,29.65648565045653,0.74
345,145.95596408843994,8.009465812298586,0.95,29.660230365675943,0.7433333333333333
346,146.3754870891571,7.99171403354636,0.95,29.664683783563795,0.7433333333333333
347,146.7961277961731,7.974126277142455,0.95,29.669117589438258,0.7433333333333333
348,147.2165400981903,7.956686534613013,0.95,29.673402535383918,0.7433333333333333
349,147.63562417030334,7.9393825016366995,0.95,29.677513316578494,0.7433333333333333
350,148.0558409690857,7.922206848670548,0.95,29.68143321547213,0.7433333333333333
351,148.47538709640503,7.905162320107946,0.95,29.68515038361136,0.7433333333333333
352,148.89536499977112,7.888236264657992,0.95,29.688318458834992,0.74
353,149.31439185142517,7.871426767991054,0.95,29.691103328189527,0.74
354,149.7338089942932,7.85473293451977,0.95,29.693663323950776,0.74
355,150.152596950531,7.83815427240283,0.95,29.6959895474798,0.74
356,150.57349395751953,7.821690335736008,0.9533333333333334,29.698071777793654,0.74
357,150.9939830303192,7.805379270214946,0.9533333333333334,29.69991021415032,0.74
358,151.4150309562683,7.789194001352187,0.9533333333333334,29.70147537311203,0.74
359,151.8355450630188,7.773119813624401,0.9533333333333334,29.70274519558571,0.74
360,152.2548520565033,7.757153004770191,0.9533333333333334,29.703704441114848,0.74
361,152.67393898963928,7.7412914849883645,0.9533333333333334,29.704324556655873,0.74
362,153.09562397003174,7.725385736660017,0.9533333333333334,29.704568269664062,0.74
363,153.5151870250702,7.709433427050958,0.9533333333333334,29.70438602347248,0.74
364,153.93582105636597,7.693571065948331,0.9533333333333334,29.70371069920096,0.74
365,154.3567409515381,7.677619204896464,0.9533333333333334,29.70244956600935,0.74
366,154.77745604515076,7.66166885938808,0.9533333333333334,29.700471570418795,0.74
367,155.19659519195557,7.645719161052128,0.9533333333333334,29.697586456399325,0.74
368,155.61690306663513,7.629720928314806,0.9533333333333334,29.693508901833585,0.7433333333333333
369,156.03615593910217,7.61358917101317,0.9533333333333334,29.687140062965877,0.7466666666666667
370,156.45590114593506,7.5971800359914585,0.9533333333333334,29.677987063856573,0.7466666666666667
371,156.87504291534424,7.580208025788707,0.9533333333333334,29.665365066460136,0.7466666666666667
372,157.29469990730286,7.562258512906409,0.9533333333333334,29.647353945228605,0.7466666666666667
373,157.71512579917908,7.541375898831392,0.9533333333333334,29.619514611507444,0.7466666666666667
374,158.13406085968018,7.511105509865554,0.9566666666666667,29.575338889736088,0.7466666666666667
375,158.55396795272827,7.450599417605543,0.96,29.508669990437642,0.7466666666666667
376,158.97480416297913,7.363754108949706,0.9633333333333334,29.410224409256106,0.7466666666666667
377,159.3935170173645,7.298920400691304,0.9633333333333334,29.369797714057807,0.7466666666666667
378,159.81335997581482,7.25525130456761,0.9633333333333334,29.357012346814603,0.7466666666666667
379,160.23426389694214,7.220423959569776,0.9633333333333334,29.36235955598245,0.7466666666666667
380,160.65464806556702,7.190458516213418,0.9633333333333334,29.373083597545172,0.75
381,161.0755980014801,7.163665222796792,0.9633333333333334,29.386263023285686,0.75
382,161.49642419815063,7.139050668310733,0.9633333333333334,29.39860093589425,0.75
383,161.91693711280823,7.115722120216865,0.9633333333333334,29.409691092798706,0.75
384,162.33674883842468,7.0935408023460935,0.9633333333333334,29.419603634746966,0.75
385,162.75464415550232,7.07216320843939,0.9633333333333334,29.428447096700747,0.75
386,163.1745150089264,7.0514252057368845,0.9633333333333334,29.436254016102907,0.75
387,163.59408402442932,7.0312168222890765,0.9633333333333334,29.443379771518742,0.75
388,164.01318097114563,7.011437161486991,0.9633333333333334,29.44994246722559,0.75
389,164.44059109687805,6.992001563862728,0.9633333333333334,29.4558804051375,0.75
390,164.860111951828,6.972846029093084,0.9633333333333334,29.461809855648035,0.75
391,165.27883005142212,6.953923419281466,0.9666666666666667,29.465347360504975,0.75
392,165.69725894927979,6.935041932806081,0.9666666666666667,29.467732779200624,0.75
393,166.11752891540527,6.916309360207485,0.9666666666666667,29.470428966180343,0.75
394,166.53737902641296,6.897713067452124,0.9666666666666667,29.47280260316514,0.75
395,166.9574429988861,6.879251430606984,0.9666666666666667,29.474917989607626,0.75
396,167.3767168521881,6.860910134450069,0.9666666666666667,29.47674720047061,0.75
397,167.79490089416504,6.842631446962778,0.9666666666666667,29.47825528490255,0.75
398,168.21396708488464,6.824308012802736,0.9666666666666667,29.47940263273497,0.75
399,168.63334894180298,6.805919371345681,0.9666666666666667,29.480136475975815,0.75
400,169.05671906471252,6.7875486351888075,0.9666666666666667,29.480400071991884,0.75
401,169.47482800483704,6.7692092022766195,0.9666666666666667,29.480133791472777,0.75
402,169.89377188682556,6.7511172634700936,0.9666666666666667,29.479280910137607,0.7533333333333333
403,170.31307721138,6.733059961802772,0.9666666666666667,29.477795888342694,0.7533333333333333
404,170.73321104049683,6.71508625872713,0.9666666666666667,29.475647804132524,0.7533333333333333
405,171.1529140472412,6.697149099918196,0.9666666666666667,29.47316956267288,0.7533333333333333
406,171.57576417922974,6.679257262532949,0.9666666666666667,29.47024084459943,0.7533333333333333
407,171.99517107009888,6.661411530364331,0.9666666666666667,29.466923046193948,0.7533333333333333
408,172.41547417640686,6.643603892056678,0.9666666666666667,29.463875857871727,0.7533333333333333
409,172.83547616004944,6.625820315618434,0.9666666666666667,29.460230732620595,0.7533333333333333
410,173.2555170059204,6.608046271416925,0.9666666666666667,29.45611018464699,0.7533333333333333
411,173.67452716827393,6.59027346178723,0.9666666666666667,29.450159718455215,0.7533333333333333
412,174.0936460494995,6.572505023646343,0.9666666666666667,29.440739117294846,0.7566666666666667
413,174.51285791397095,6.554405921096638,0.9666666666666667,29.43055707316711,0.7566666666666667
414,174.93222212791443,6.535575529608772,0.9666666666666667,29.419710704603542,0.7566666666666667
415,175.35087203979492,6.516817664848053,0.9666666666666667,29.408298621571916,0.7566666666666667
416,175.7688181400299,6.498123951686617,0.9666666666666667,29.396404141414855,0.7566666666666667
417,176.18696117401123,6.479349636548454,0.97,29.384090670495358,0.7533333333333333
418,176.60401797294617,6.460638458575538,0.97,29.371406814339483,0.7533333333333333
419,177.02252507209778,6.441977588033854,0.97,29.358394807945558,0.7533333333333333
420,177.442547082901,6.423002895088577,0.97,29.345097721558158,0.7533333333333333
421,177.86206722259521,6.403996691613159,0.97,29.331563885801618,0.7533333333333333
422,178.2813310623169,6.3850268761739475,0.97,29.31784886637664,0.7533333333333333
423,178.7013909816742,6.366099222239918,0.97,29.304016083426223,0.7533333333333333
424,179.12023520469666,6.3471757737568675,0.97,29.29013725092685,0.7533333333333333
425,179.53734588623047,6.328196785293312,0.97,29.276308384765432,0.7533333333333333
426,179.95469307899475,6.309316735889863,0.97,29.26260988384846,0.7533333333333333
427,180.3740749359131,6.290568156850024,0.97,29.2491395184788,0.7533333333333333
428,180.7940080165863,6.27198724576525,0.97,29.236007066565495,0.7533333333333333
429,181.21154499053955,6.253609713919689,0.97,29.223323317769978,0.7533333333333333
430,181.63324403762817,6.235473584838737,0.97,29.211191842472093,0.7533333333333333
431,182.0526521205902,6.217600912103155,0.97,29.199837277211255,0.7533333333333333
432,182.4731249809265,6.200006667393078,0.97,29.19049467653346,0.7533333333333333
433,182.8924171924591,6.182705515571384,0.97,29.18184894924569,0.7533333333333333
434,183.31073594093323,6.16568669599735,0.97,29.17340658610775,0.7533333333333333
435,183.72944021224976,6.14893468055331,0.97,29.163802913259698,0.7533333333333333
436,184.14833116531372,6.1324511716893015,0.97,29.155212238754444,0.7533333333333333
437,184.56835222244263,6.116233354685624,0.97,29.14786657785619,0.7533333333333333
438,184.98763990402222,6.100273213585855,0.97,29.141243543884727,0.7533333333333333
439,185.40749311447144,6.084562650091768,0.97,29.13534663932297,0.7533333333333333
440,185.82639598846436,6.0690938561593875,0.97,29.130122042086217,0.7533333333333333
441,186.24627900123596,6.0538607154387964,0.97,29.125093357804584,0.7533333333333333
442,186.66537308692932,6.038868613765007,0.97,29.12060265284418,0.7533333333333333
443,187.08401703834534,6.02409959969547,0.97,29.11665826043177,0.7533333333333333
444,187.5021731853485,6.009556051470485,0.97,29.113241548318896,0.7533333333333333
445,187.92097306251526,5.995283512901922,0.97,29.110337590995417,0.7566666666666667
446,188.33996295928955,5.9812561132472055,0.97,29.108412251473833,0.7566666666666667
447,188.7592179775238,5.967426525416785,0.97,29.106994096385545,0.7566666666666667
448,189.17808604240417,5.953806694024646,0.97,29.106067600591786,0.7566666666666667
449,189.59781312942505,5.940408236587873,0.97,29.10563105027253,0.7566666666666667
450,190.01678705215454,5.927237334964874,0.97,29.10568587166301,0.7566666666666667
451,190.43650913238525,5.914302704952306,0.97,29.10623640000699,0.7566666666666667
452,190.85593008995056,5.9016473152693205,0.97,29.107825053634937,0.7566666666666667
453,191.274667263031,5.889171015961918,0.97,29.11026003028799,0.7566666666666667
454,191.7011570930481,5.876803699910347,0.97,29.113227012649325,0.7566666666666667
455,192.1210470199585,5.864711886757481,0.97,29.117286083992784,0.7566666666666667
456,192.5395679473877,5.852958409176713,0.97,29.12184522583156,0.7566666666666667
457,192.95804500579834,5.841534794213481,0.97,29.126992882968516,0.7566666666666667
458,193.37854027748108,5.830456182831158,0.97,29.13275781126804,0.7566666666666667
459,193.79872012138367,5.8197454174127685,0.97,29.139028043203478,0.7566666666666667
460,194.21739101409912,5.809421092075738,0.97,29.1463069291454,0.7566666666666667
461,194.63575220108032,5.7994942328168015,0.97,29.15387959238931,0.7533333333333333
462,195.05649495124817,5.789970997652841,0.97,29.161577281021685,0.7533333333333333
463,195.474534034729,5.780892574763226,0.97,29.169234432934367,0.7533333333333333
464,195.8930380344391,5.772157489697031,0.97,29.1766705574557,0.75
465,196.31205320358276,5.763762618965208,0.97,29.1836984916334,0.75
466,196.7313461303711,5.755568220679491,0.97,29.190151620370624,0.75
467,197.15090703964233,5.746648064386253,0.97,29.195894557466964,0.75
468,197.57030701637268,5.737792283528148,0.97,29.200833204447274,0.75
469,197.99004912376404,5.728987616847321,0.97,29.204918355037396,0.75
470,198.4090931415558,5.720163537922007,0.97,29.208143011770016,0.75
471,198.82872104644775,5.7112993277617905,0.97,29.210535053448375,0.75
472,199.24924516677856,5.702584119586806,0.97,29.212086075852618,0.75
473,199.6687252521515,5.693804179959963,0.97,29.212802446912246,0.75
474,200.08669805526733,5.684910027115328,0.97,29.212881596616587,0.75
475,200.50668811798096,5.675903160952336,0.97,29.212398773714643,0.75
476,200.92666792869568,5.666802034879141,0.97,29.211424314734213,0.7533333333333333
477,201.34665727615356,5.657461843209674,0.97,29.210021293695977,0.7533333333333333
478,201.76625609397888,5.647933687263354,0.97,29.20824466365109,0.7533333333333333
479,202.1865749359131,5.638306937226574,0.97,29.206140981233652,0.7533333333333333
480,202.60777711868286,5.628590842377647,0.97,29.203749217551852,0.7533333333333333
481,203.027587890625,5.618794858840361,0.97,29.20110066267323,0.7533333333333333
482,203.4475018978119,5.608928272169609,0.97,29.19841394181745,0.7533333333333333
483,203.86630201339722,5.598999957022681,0.97,29.19581749234008,0.7533333333333333
484,204.28494906425476,5.589006563716731,0.97,29.193021115212165,0.7533333333333333
485,204.70641613006592,5.5789629061698,0.97,29.190037519721443,0.7533333333333333
486,205.12534523010254,5.5688834354770655,0.97,29.187478013849052,0.7533333333333333
487,205.54688811302185,5.558774270091393,0.97,29.18519767629376,0.7533333333333333
488,205.96558713912964,5.5486104388331245,0.97,29.182738995748974,0.7533333333333333
489,206.38473105430603,5.5383770226236795,0.97,29.18010904372914,0.7566666666666667
490,206.80483508110046,5.5283140096643475,0.97,29.177314745779853,0.7566666666666667
491,207.2241508960724,5.518261777201916,0.97,29.174352210458316,0.7566666666666667
492,207.6444911956787,5.508188607726587,0.97,29.171222177772115,0.7533333333333333
493,208.0648651123047,5.498099028220113,0.97,29.1679242699682,0.7533333333333333
494,208.4836061000824,5.487997022931306,0.97,29.164457098102854,0.7566666666666667
495,208.9024920463562,5.477894512352354,0.97,29.1608700224212,0.7566666666666667
496,209.32249999046326,5.467787969687672,0.97,29.15884729990659,0.7566666666666667
497,209.74043726921082,5.45767812598027,0.97,29.156636334564972,0.7566666666666667
498,210.16151690483093,5.4475717417057155,0.97,29.15423165838543,0.7566666666666667
499,210.5802571773529,5.437466976719242,0.97,29.15162792537013,0.7566666666666667
500,211.00509786605835,5.427364741589659,0.97,29.148820355364784,0.7533333333333333
501,211.4257457256317,5.417266304244217,0.97,29.145804724590157,0.7533333333333333
502,211.84580183029175,5.407172676859568,0.97,29.142577133347483,0.7533333333333333
503,212.26658606529236,5.397084651722517,0.97,29.139204125905547,0.7533333333333333
504,212.68851399421692,5.387029600522265,0.97,29.136957890697335,0.7533333333333333
505,213.1105101108551,5.376982371771908,0.97,29.135311093952648,0.7533333333333333
506,213.53126192092896,5.366927512775913,0.97,29.13340777700242,0.7533333333333333
507,213.9520969390869,5.356862790769011,0.97,29.13138218454559,0.7533333333333333
508,214.37180590629578,5.346806322240533,0.97,29.12920171396488,0.7533333333333333
509,214.7915289402008,5.33675812758436,0.97,29.126803311928793,0.7533333333333333
510,215.2108118534088,5.326714700573764,0.97,29.12420631563478,0.7533333333333333
511,215.6320459842682,5.31668859050223,0.97,29.121790208917492,0.7533333333333333
512,216.05330610275269,5.306673300399124,0.97,29.11955433623285,0.75
513,216.47262001037598,5.296669978376763,0.97,29.117203694020972,0.75
514,216.89232683181763,5.286680065056136,0.97,29.11477278274155,0.75
515,217.31373691558838,5.276705298430684,0.97,29.112288901090757,0.75
516,217.73314714431763,5.266747694306026,0.97,29.10968165502721,0.75
517,218.15548491477966,5.256809306898306,0.97,29.10689107928872,0.75
518,218.577654838562,5.24670716146277,0.97,29.10422827309733,0.75
519,218.99963688850403,5.233919147305926,0.97,29.101718694962045,0.7533333333333333
520,219.4208369255066,5.221303701547157,0.97,29.09938265534134,0.7533333333333333
521,219.8411259651184,5.2088666691609244,0.97,29.097235160470866,0.7533333333333333
522,220.2644808292389,5.1966113984268105,0.97,29.095068583260794,0.7533333333333333
523,220.68450284004211,5.18453899367032,0.97,29.09302895368269,0.7533333333333333
524,221.10520386695862,5.1726485333571945,0.97,29.091196076803865,0.7533333333333333
525,221.52583384513855,5.16093740690758,0.97,29.089218952227807,0.7533333333333333
526,221.948086977005,5.149401652325888,0.97,29.08737150327749,0.7533333333333333
527,222.36897706985474,5.137956308341911,0.97,29.085661475584562,0.7533333333333333
528,222.78988313674927,5.126669414277745,0.97,29.084084850650655,0.7533333333333333
529,223.20987582206726,5.115544198553246,0.97,29.082636067897116,0.7533333333333333
530,223.6318919658661,5.104577326376013,0.97,29.081308419752805,0.7533333333333333
531,224.051766872406,5.093755691530459,0.97,29.08009440365417,0.7533333333333333
532,224.47325897216797,5.083073001773892,0.97,29.0789853606815,0.7533333333333333
533,224.89516377449036,5.072522744148249,0.97,29.077331757547533,0.7533333333333333
534,225.31702280044556,5.062098750865099,0.97,29.07507494190063,0.7533333333333333
535,225.7391107082367,5.051795159936309,0.97,29.072927677198916,0.7533333333333333
536,226.15944480895996,5.04160640695303,0.97,29.0708814775696,0.7533333333333333
537,226.580708026886,5.031528553947,0.97,29.068928590480066,0.7533333333333333
538,227.0028851032257,5.021558093077767,0.97,29.067061692390602,0.7533333333333333
539,227.42482781410217,5.011687662547916,0.97,29.065273945220735,0.7533333333333333
540,227.84729290008545,5.001912955110239,0.97,29.06355903192712,0.7533333333333333
541,228.2691650390625,4.992230162591014,0.97,29.061911175192165,0.7533333333333333
542,228.69035577774048,4.982641639093096,0.97,29.060325142727514,0.7533333333333333
543,229.11147785186768,4.973137106060241,0.97,29.05878664168978,0.7533333333333333
544,229.53228902816772,4.963716902875771,0.97,29.057293533363968,0.7533333333333333
545,229.95514011383057,4.954377831370332,0.97,29.05512908331359,0.7533333333333333
546,230.37581396102905,4.945113815890353,0.97,29.053015849916182,0.7533333333333333
547,230.79704117774963,4.935922322276754,0.97,29.050951134503837,0.7566666666666667
548,231.2177860736847,4.926800996938251,0.97,29.04893267303729,0.7566666666666667
549,231.63708686828613,4.917747651872911,0.97,29.0469586090682,0.7566666666666667
550,232.05655789375305,4.908760250675629,0.97,29.045027466876483,0.7566666666666667
551,232.47635078430176,4.899836895562282,0.97,29.04313812531797,0.76
552,232.8977599143982,4.890975815411335,0.97,29.041290128146414,0.76
553,233.31809997558594,4.88217535480006,0.97,29.03948316684913,0.76
554,233.73985290527344,4.873433963997006,0.97,29.037716481146735,0.76
555,234.1604769229889,4.86475018986098,0.97,29.0359901357625,0.76
556,234.5810248851776,4.856122643806584,0.97,29.03430443948847,0.76
557,235.00251388549805,4.847550058818548,0.9733333333333334,29.032659928053523,0.76
558,235.42441582679749,4.839031233807932,0.9733333333333334,29.031057348605277,0.76
559,235.8455069065094,4.830565026950749,0.9733333333333334,29.02949764572846,0.76
560,236.26770782470703,4.822150359047985,0.9733333333333334,29.02798194890093,0.76
561,236.68954396247864,4.813786208615337,0.9733333333333334,29.026511561274617,0.76
562,237.10989594459534,4.8054716074682355,0.9733333333333334,29.02508794965392,0.76
563,237.53251600265503,4.797205636752107,0.9733333333333334,29.023712735539586,0.76
564,237.95370197296143,4.788987423370744,0.9733333333333334,29.02238768709659,0.76
565,238.38509678840637,4.780816385970912,0.9733333333333334,29.021114711902765,0.76
566,238.80587196350098,4.7726916297889375,0.9733333333333334,29.019895850328886,0.76
567,239.2266228199005,4.764610572937924,0.9733333333333334,29.01873326940073,0.76
568,239.64835286140442,4.756572113776876,0.9733333333333334,29.017581733446416,0.76
569,240.07122611999512,4.748578579926462,0.9733333333333334,29.01648319593577,0.76
570,240.49304604530334,4.740628702555928,0.9733333333333334,29.01545085343832,0.76
571,240.91347289085388,4.7327214887201485,0.9733333333333334,29.01448717782813,0.76
572,241.33451199531555,4.724856339948021,0.9733333333333334,29.013594746693993,0.76
573,241.75557589530945,4.717032683311223,0.9733333333333334,29.012776236258425,0.76
574,242.1747419834137,4.709249970040882,0.9733333333333334,29.01203445679909,0.76
575,242.59415483474731,4.701507674244815,0.9733333333333334,29.011372282485087,0.76
576,243.01426100730896,4.693805761462297,0.9733333333333334,29.010792567137827,0.76
577,243.43616604804993,4.686143578753848,0.9733333333333334,29.010298295194378,0.76
578,243.85784792900085,4.678520359279711,0.9733333333333334,29.009866782884554,0.76
579,244.27935886383057,4.670935657455804,0.9733333333333334,29.009233478675764,0.76
580,244.70026803016663,4.663389045283666,0.9733333333333334,29.008693745801416,0.76
581,245.12105202674866,4.655880906650282,0.9733333333333334,29.008250695460827,0.76
582,245.5423080921173,4.64841207728094,0.9733333333333334,29.007907423706087,0.76
583,245.96257400512695,4.640980165206374,0.9733333333333334,29.00766698971674,0.76
584,246.38433194160461,4.633584802833732,0.9733333333333334,29.00753239170438,0.76
585,246.8052577972412,4.626225636102971,0.9733333333333334,29.007506540352384,0.76
586,247.2280089855194,4.618902323735748,0.9733333333333334,29.007592229735636,0.76
587,247.6484339237213,4.6116145365025885,0.9733333333333334,29.007792105710916,0.76
588,248.06890201568604,4.604361956505935,0.9733333333333334,29.008108631828946,0.76
589,248.49707198143005,4.597144276476268,0.9733333333333334,29.008544052883536,0.76
590,248.91763973236084,4.589961199079918,0.9733333333333334,29.009100356292713,0.76
591,249.33938598632812,4.582812436235915,0.9733333333333334,29.009779231594212,0.76
592,249.75951099395752,4.575697708441533,0.9733333333333334,29.010585370185737,0.76
593,250.1802248954773,4.568626750682944,0.9733333333333334,29.01151721082535,0.76
594,250.60129404067993,4.5615974901432175,0.9733333333333334,29.0125744321605,0.76
595,251.0242841243744,4.554601165214783,0.9733333333333334,29.013757105072045,0.76
596,251.44559788703918,4.547637529860773,0.9733333333333334,29.015064788632063,0.76
597,251.8661937713623,4.5407063432666614,0.9733333333333334,29.016496489902707,0.76
598,252.28783202171326,4.533833073944014,0.9733333333333334,29.018050626687756,0.76
599,252.7100830078125,4.526998782659431,0.9733333333333334,29.019724994293497,0.76
600,253.13295698165894,4.5201959797367985,0.9733333333333334,29.021516737401416,0.76
601,253.55454397201538,4.513424438842522,0.9733333333333334,29.023422328162518,0.76
602,253.97543692588806,4.506683935675412,0.9733333333333334,29.025437551604814,0.76
603,254.39650011062622,4.499974247348802,0.9733333333333334,29.027557499375547,0.76
604,254.81676197052002,4.493295151782193,0.9733333333333334,29.02977657273331,0.76
605,255.24320077896118,4.486643812797097,0.9733333333333334,29.03206767506279,0.76
606,255.66211986541748,4.480020861877563,0.9733333333333334,29.034448634697405,0.76
607,256.08042788505554,4.4734311781410385,0.9733333333333334,29.03692558540782,0.76
608,256.5008840560913,4.466871275636036,0.9733333333333334,29.039472634954024,0.76
609,256.92175793647766,4.460340925912524,0.9733333333333334,29.04208114207151,0.76
610,257.34265780448914,4.453839897967922,0.9733333333333334,29.04474201364245,0.76
611,257.76181387901306,4.447367957746435,0.9733333333333334,29.047445780123436,0.76
612,258.1826298236847,4.440928250099056,0.9733333333333334,29.05018267901721,0.76
613,258.60330390930176,4.434517291914851,0.9733333333333334,29.052942744923737,0.76
614,259.02267599105835,4.428134390042061,0.9733333333333334,29.055715904477193,0.76
615,259.44342589378357,4.421787238700302,0.9766666666666667,29.05849207429299,0.76
616,259.86356592178345,4.415499885312829,0.9766666666666667,29.061261259935158,0.76
617,260.2842528820038,4.409240180698539,0.9766666666666667,29.064013653868063,0.76
618,260.70459604263306,4.403007466642199,0.9766666666666667,29.066731534237945,0.76
619,261.12542700767517,4.396801473909594,0.9766666666666667,29.0694091437285,0.76
620,261.5456500053406,4.390621927004143,0.9766666666666667,29.07204267124491,0.76
621,261.96612191200256,4.384157036411677,0.9766666666666667,29.074623947550304,0.76
622,262.38480591773987,4.377589503773482,0.9766666666666667,29.07714539932543,0.76
623,262.8052499294281,4.371046052632122,0.9766666666666667,29.07960010441953,0.76
624,263.2263250350952,4.364529834167421,0.9766666666666667,29.081981836059363,0.76
625,263.64568877220154,4.358035614258308,0.9766666666666667,29.084285095701485,0.76
626,264.0649468898773,4.351563169415394,0.9766666666666667,29.086505134525414,0.76
627,264.48504090309143,4.345112273929996,0.9766666666666667,29.0886379638498,0.76
628,264.9077548980713,4.33868269971349,0.9766666666666667,29.09068035500965,0.76
629,265.35247707366943,4.332274216154719,0.9766666666666667,29.092595646333052,0.76
630,265.77397298812866,4.325886589997026,0.9766666666666667,29.09404464509646,0.76
631,266.19525694847107,4.319519585235616,0.9766666666666667,29.095397979063335,0.76
632,266.6167850494385,4.3131544442664875,0.9766666666666667,29.096655277604388,0.76
633,267.0373589992523,4.306706251326531,0.9766666666666667,29.098645789981337,0.76
634,267.4572949409485,4.3002775702342,0.9766666666666667,29.10208687784118,0.76
635,267.8775041103363,4.293868147669076,0.9766666666666667,29.105487688723606,0.76
636,268.29832673072815,4.287477728292769,0.9766666666666667,29.1088491224369,0.76
637,268.71904706954956,4.281106054902896,0.9766666666666667,29.112172325701966,0.76
638,269.13910484313965,4.274751165844138,0.9766666666666667,29.115458633530622,0.76
639,269.5584328174591,4.268406013926461,0.9766666666666667,29.118709511823035,0.76
640,269.98014974594116,4.262078919389669,0.9766666666666667,29.12192650199693,0.76
641,270.4011559486389,4.255769619318706,0.9766666666666667,29.125111168348177,0.76
642,270.82313299179077,4.249477850239881,0.9766666666666667,29.12826421815308,0.76
643,271.24397587776184,4.243203583286579,0.9766666666666667,29.131384118297795,0.76
644,271.66534781455994,4.236946786627602,0.9766666666666667,29.13447608454874,0.76
645,272.0849859714508,4.2307067202983095,0.9766666666666667,29.137541319956355,0.76
646,272.5045268535614,4.224483122780563,0.9766666666666667,29.14058084560648,0.76
647,272.92395091056824,4.218275734188553,0.9766666666666667,29.143595473463566,0.76
648,273.3439917564392,4.2120842968064585,0.9766666666666667,29.14658578414747,0.76
649,273.764123916626,4.205908580937548,0.9766666666666667,29.149552109640204,0.76
650,274.18551993370056,4.199749969177541,0.9766666666666667,29.152494520856283,0.76
651,274.6067500114441,4.193612819091379,0.9766666666666667,29.155412819953195,0.76
652,275.0276508331299,4.187490590999835,0.9766666666666667,29.158306537206652,0.76
653,275.4519829750061,4.181383049186296,0.9766666666666667,29.161174932227148,0.76
654,275.87369203567505,4.175289963840853,0.9766666666666667,29.164016999254006,0.76
655,276.2943630218506,4.169211111684807,0.9766666666666667,29.166831476223457,0.76
656,276.7143349647522,4.163146276582674,0.9766666666666667,29.16961685727909,0.76
657,277.13482093811035,4.1570952501338665,0.9766666666666667,29.172371408366526,0.76
658,277.5556409358978,4.151057832235778,0.9766666666666667,29.17509318553591,0.76
659,277.9737238883972,4.145033831610012,0.9766666666666667,29.17778005556385,0.76
660,278.3942449092865,4.139023066283927,0.9766666666666667,29.180429718502264,0.76
661,278.81545877456665,4.13302536401956,0.9766666666666667,29.183039731761983,0.7566666666666667
662,279.2359781265259,4.127040562682677,0.9766666666666667,29.18560753534662,0.7566666666666667
663,279.656133890152,4.121080683606818,0.9766666666666667,29.18813047786619,0.7566666666666667
664,280.0747158527374,4.115141736179092,0.9766666666666667,29.190605842979267,0.7566666666666667
665,280.4951419830322,4.1092150233938485,0.9766666666666667,29.19303572174128,0.7566666666666667
666,280.91534399986267,4.1033004277464755,0.9766666666666667,29.195466956807632,0.7566666666666667
667,281.33538484573364,4.097397842617652,0.9766666666666667,29.197842217008223,0.7566666666666667
668,281.75708079338074,4.091507172205438,0.9766666666666667,29.20015878779086,0.7533333333333333
669,282.1766400337219,4.085628331386236,0.9766666666666667,29.202414017555174,0.7533333333333333
670,282.59660601615906,4.079761245510464,0.9766666666666667,29.204605340600175,0.7533333333333333
671,283.0176000595093,4.073905850139511,0.9766666666666667,29.206730298715517,0.7533333333333333
672,283.4378719329834,4.068057371221515,0.9766666666666667,29.208786561259718,0.7533333333333333
673,283.85953283309937,4.0622153462922395,0.9766666666666667,29.21077194358439,0.7533333333333333
674,284.2796959877014,4.056384830907365,0.9766666666666667,29.21268442368611,0.7533333333333333
675,284.7008979320526,4.050565803076773,0.9766666666666667,29.214522156980042,0.7533333333333333
676,285.12660002708435,4.044758249320371,0.9766666666666667,29.21628348911102,0.7533333333333333
677,285.54662585258484,4.038962164238859,0.9766666666666667,29.217966966732554,0.7533333333333333
678,285.96888875961304,4.033177550095486,0.9766666666666667,29.21957134620339,0.7533333333333333
679,286.3899619579315,4.0274044164168314,0.9766666666666667,29.221095600172074,0.7533333333333333
680,286.81182289123535,4.021639068263197,0.9766666666666667,29.22253892204065,0.7533333333333333
681,287.2322177886963,4.015884151376113,0.9766666666666667,29.22390072832179,0.7533333333333333
682,287.6522328853607,4.010140813295779,0.9766666666666667,29.225180658929226,0.7533333333333333
683,288.0732398033142,4.004409089113448,0.9766666666666667,29.22637857546603,0.7533333333333333
684,288.4948740005493,3.9986890801075012,0.9766666666666667,29.227494557600682,0.7533333333333333
685,288.9158079624176,3.9929809306123194,0.9766666666666667,29.228528897646584,0.7533333333333333
686,289.3369119167328,3.98728453240423,0.9766666666666667,29.2294820934826,0.7533333333333333
687,289.7572889328003,3.981599942627211,0.9766666666666667,29.230354839974474,0.7533333333333333
688,290.1775197982788,3.975928202072752,0.9766666666666667,29.231148019072265,0.7533333333333333
689,290.5987329483032,3.9702685899447645,0.9766666666666667,29.231862688774463,0.7533333333333333
690,291.01953387260437,3.9646209813537454,0.9766666666666667,29.232500071157318,0.7533333333333333
691,291.4402129650116,3.958977468377552,0.9766666666666667,29.23306153967173,0.7533333333333333
692,291.8602740764618,3.953331357520412,0.9766666666666667,29.23354860591197,0.7533333333333333
693,292.27950501441956,3.9476973504623984,0.9766666666666667,29.23396290605211,0.7533333333333333
694,292.6987428665161,3.9420755461438586,0.9766666666666667,29.234306187141314,0.7533333333333333
695,293.1217360496521,3.9364660486578953,0.9766666666666667,29.234579323118027,0.7533333333333333
696,293.54277896881104,3.9308689672333617,0.9766666666666667,29.23478480893319,0.7533333333333333
697,293.96425771713257,3.925284416214898,0.9766666666666667,29.234925048225584,0.7533333333333333
698,294.38597202301025,3.919712515037599,0.9766666666666667,29.235002097623997,0.7533333333333333
699,294.80594992637634,3.914153427311243,0.9766666666666667,29.23501805957864,0.7533333333333333
700,295.2289800643921,3.908608007574353,0.9766666666666667,29.23497507091468,0.7533333333333333
701,295.65215396881104,3.903075627312504,0.9766666666666667,29.234875292105162,0.7533333333333333
702,296.07251620292664,3.8975564258452158,0.9766666666666667,29.234720897309735,0.7533333333333333
703,296.49208211898804,3.8920505473122398,0.9766666666666667,29.23451406520867,0.7533333333333333
704,296.91143012046814,3.886558140585449,0.9766666666666667,29.23425697064488,0.7566666666666667
705,297.33248591423035,3.8810793591665798,0.9766666666666667,29.23395177707371,0.7566666666666667
706,297.7535650730133,3.875614361070595,0.9766666666666667,29.233615942813127,0.7566666666666667
707,298.1736490726471,3.870163308693955,0.9766666666666667,29.233265193834338,0.7566666666666667
708,298.5940260887146,3.8647263686672337,0.9766666666666667,29.232872272283526,0.7566666666666667
709,299.01452803611755,3.8593037116922173,0.9766666666666667,29.23243923668429,0.7566666666666667
710,299.4350621700287,3.853890774616544,0.9766666666666667,29.231968107665352,0.7566666666666667
711,299.8575630187988,3.848490152491137,0.9766666666666667,29.23146086468512,0.7566666666666667
712,300.27875423431396,3.8431043354856547,0.9766666666666667,29.23091944331473,0.7566666666666667
713,300.6986172199249,3.8377335084538458,0.9766666666666667,29.230345733027896,0.7566666666666667
714,301.12047004699707,3.8323778592530786,0.9766666666666667,29.229741575445725,0.7566666666666667
715,301.55664110183716,3.8270375784852355,0.9766666666666667,29.22907925163087,0.7566666666666667
716,301.97610092163086,3.821712859222181,0.9766666666666667,29.227946681359494,0.7566666666666667
717,302.39642810821533,3.8164038967171487,0.9766666666666667,29.2267861151351,0.7566666666666667
718,302.8158700466156,3.81111088810257,0.9766666666666667,29.225599318863683,0.7566666666666667
719,303.2375349998474,3.805834032075205,0.9766666666666667,29.224388005329605,0.7566666666666667
720,303.657958984375,3.800573528569692,0.9766666666666667,29.223153834125274,0.7566666666666667
721,304.07709312438965,3.7953295784219927,0.9766666666666667,29.221898411741375,0.7566666666666667
722,304.4959282875061,3.790102383023522,0.9766666666666667,29.22062329178561,0.7566666666666667
723,304.9160840511322,3.784892143967895,0.9766666666666667,29.21932997530121,0.7566666666666667
724,305.33559918403625,3.7796990626916016,0.9766666666666667,29.21801991115927,0.7566666666666667
725,305.7556540966034,3.774523340109967,0.9766666666666667,29.216694496503653,0.7566666666666667
726,306.1747190952301,3.7693651762504965,0.9766666666666667,29.215355077230672,0.7566666666666667
727,306.59371399879456,3.7642247698846476,0.9766666666666667,29.214002948487373,0.7566666666666667
728,307.01461720466614,3.759102318160179,0.9766666666666667,29.212639355177824,0.7566666666666667
729,307.43539690971375,3.753998314188833,0.9766666666666667,29.211265492468982,0.7566666666666667
730,307.85695004463196,3.748916072150418,0.9766666666666667,29.2098825062901,0.7566666666666667
731,308.27791714668274,3.7438523322496664,0.9766666666666667,29.20849149382433,0.7566666666666667
732,308.69954109191895,3.7388070418720485,0.9766666666666667,29.207093503990237,0.7566666666666667
733,309.1202509403229,3.7337787497542796,0.9766666666666667,29.205689537918037,0.7566666666666667
734,309.5410771369934,3.7287695439040807,0.9766666666666667,29.204280549423753,0.7566666666666667
735,309.962131023407,3.7237795991618055,0.9766666666666667,29.20286744548729,0.7566666666666667
736,310.3841211795807,3.718808536268429,0.9766666666666667,29.20145108674289,0.7566666666666667
737,310.8051600456238,3.713856170800135,0.9766666666666667,29.20003167740159,0.7566666666666667
738,311.22629404067993,3.7089235793892525,0.9766666666666667,29.198609689004602,0.7566666666666667
739,311.648561000824,3.7040109176774236,0.9766666666666667,29.197186990736753,0.7566666666666667
740,312.06809091567993,3.699118335859717,0.9766666666666667,29.195764035226752,0.7566666666666667
741,312.4892601966858,3.6942459784457955,0.9766666666666667,29.19434145971174,0.7566666666666667
742,312.90986609458923,3.6893965658721,0.9766666666666667,29.192919858810825,0.7566666666666667
743,313.3327839374542,3.6845716022057236,0.9766666666666667,29.191499785366133,0.7566666666666667
744,313.7536220550537,3.6797673404359386,0.9766666666666667,29.190044750985976,0.7566666666666667
745,314.1736991405487,3.6749877182378814,0.9766666666666667,29.188557635705145,0.7566666666666667
746,314.59465503692627,3.670231297449784,0.9766666666666667,29.18707312910628,0.7566666666666667
747,315.01690912246704,3.665495758525256,0.9766666666666667,29.18559163464927,0.7566666666666667
748,315.4373540878296,3.660781728991905,0.9766666666666667,29.184113519555005,0.7566666666666667
749,315.8568363189697,3.6560921428222337,0.9766666666666667,29.182639116179836,0.7566666666666667
750,316.27632117271423,3.65142368845924,0.9766666666666667,29.181168723473917,0.7566666666666667
751,316.6949472427368,3.6467766297369333,0.9766666666666667,29.179702608518216,0.7566666666666667
752,317.1135551929474,3.6421513071116802,0.9766666666666667,29.17824100813007,0.7566666666666667
753,317.53303503990173,3.637547315119072,0.9766666666666667,29.176784130527164,0.7566666666666667
754,317.95375323295593,3.632964707499408,0.9766666666666667,29.175332157038234,0.7566666666666667
755,318.3740141391754,3.6284035309685048,0.9766666666666667,29.173885243847113,0.7566666666666667
756,318.795193195343,3.6238638252526694,0.9766666666666667,29.17244352375805,0.7566666666666667
757,319.21413803100586,3.619345623138954,0.9766666666666667,29.171007107966588,0.7566666666666667
758,319.6338400840759,3.6148489505388826,0.9766666666666667,29.16957608782369,0.7566666666666667
759,320.054279088974,3.6103738265658114,0.9766666666666667,29.168150536578793,0.7566666666666667
760,320.47321915626526,3.605920263624776,0.9766666666666667,29.166730511089263,0.7566666666666667
761,320.89157009124756,3.6014882675140094,0.9766666666666667,29.16531605348397,0.7566666666666667
762,321.3123080730438,3.597077837536958,0.9766666666666667,29.163907192769482,0.7566666666666667
763,321.7351541519165,3.592688966624427,0.9766666666666667,29.1624939715806,0.7566666666666667
764,322.1548418998718,3.5883216414648214,0.9766666666666667,29.16108508523894,0.7566666666666667
765,322.57650423049927,3.5839758426428805,0.9766666666666667,29.159681910174694,0.7566666666666667
766,322.9968149662018,3.57965154478414,0.9766666666666667,29.158284436515032,0.7566666666666667
767,323.4188859462738,3.575348716705495,0.9766666666666667,29.156892648161428,0.7566666666666667
768,323.84040999412537,3.5710673215700304,0.9766666666666667,29.155407428691685,0.7566666666666667
769,324.29592299461365,3.5668073170452277,0.9766666666666667,29.15344224057695,0.7566666666666667
770,324.71995210647583,3.5625686554637293,0.9766666666666667,29.15149509756989,0.7566666666666667
771,325.14042019844055,3.558351283985162,0.9766666666666667,29.14956593184841,0.7566666666666667
772,325.5624101161957,3.554155144759004,0.9766666666666667,29.147654659394476,0.7566666666666667
773,325.9849500656128,3.549980175086357,0.9766666666666667,29.145756863945632,0.7566666666666667
774,326.4062442779541,3.5458263075808807,0.9766666666666667,29.143871522353706,0.7566666666666667
775,326.8287560939789,3.541693470327615,0.9766666666666667,29.14200374290366,0.7566666666666667
776,327.25034403800964,3.537581587038735,0.9766666666666667,29.14015353020011,0.7566666666666667
777,327.6704993247986,3.5334905772060496,0.9766666666666667,29.138320722505497,0.7566666666666667
778,328.0924119949341,3.5294203562490845,0.9766666666666667,29.13650516914733,0.7566666666666667
779,328.51515197753906,3.5253708356586593,0.9766666666666667,29.134718432452086,0.7566666666666667
780,328.9382212162018,3.521341923134859,0.9766666666666667,29.132958957234614,0.7566666666666667
781,329.35958313941956,3.517333522719312,0.9766666666666667,29.13121566275549,0.7566666666666667
782,329.78132700920105,3.5133455349209184,0.9766666666666667,29.12948837860105,0.7566666666666667
783,330.2031590938568,3.509377856834719,0.9766666666666667,29.127776931157427,0.7566666666666667
784,330.6268651485443,3.505430382253557,0.9766666666666667,29.126081144171476,0.7566666666666667
785,331.04717230796814,3.5015030017715407,0.9766666666666667,29.124400839244892,0.7566666666666667
786,331.4812910556793,3.4976035609892016,0.9766666666666667,29.122735836264848,0.7566666666666667
787,331.9092171192169,3.4937272917891526,0.9766666666666667,29.121085953774724,0.7566666666666667
788,332.33299803733826,3.4898707635343307,0.9766666666666667,29.119451009288824,0.7566666666666667
789,332.75693917274475,3.486033856871011,0.9766666666666667,29.117830819553216,0.7566666666666667
790,333.17850399017334,3.4822164497015216,0.9766666666666667,29.116225200756784,0.7566666666666667
791,333.5987501144409,3.478418417236198,0.9766666666666667,29.114633968692765,0.7566666666666667
792,334.019495010376,3.4746396323582145,0.9766666666666667,29.11305693887388,0.7566666666666667
793,334.4388201236725,3.470880005788633,0.9766666666666667,29.111493926601987,0.7566666666666667
794,334.8580701351166,3.4671393638168513,0.9766666666666667,29.109944746992483,0.7566666666666667
795,335.27774024009705,3.463417571157105,0.9766666666666667,29.10840921495417,0.7566666666666667
796,335.6964511871338,3.4597144898958887,0.9766666666666667,29.10688714512357,0.7566666666666667
797,336.1167252063751,3.4560299794572154,0.9766666666666667,29.10537835175288,0.7566666666666667
798,336.5369679927826,3.452363896549005,0.9766666666666667,29.10388264855036,0.7566666666666667
799,336.9555711746216,3.4487160950877835,0.9766666666666667,29.102399848469556,0.7566666666666667
800,337.3789393901825,3.4450864260998175,0.9766666666666667,29.10092976344612,0.7566666666666667
801,337.79824113845825,3.44147473759584,0.9766666666666667,29.099472204076303,0.7566666666666667
802,338.2176489830017,3.4378808744163196,0.9766666666666667,29.098026979234678,0.7566666666666667
803,338.6367082595825,3.4343046780433903,0.9766666666666667,29.096593895623485,0.7566666666666667
804,339.05646109580994,3.4307459863756953,0.9766666666666667,29.095172757249188,0.7566666666666667
805,339.47645330429077,3.4272046334604953,0.9766666666666667,29.093763364816827,0.7566666666666667
806,339.896356344223,3.4236804491783452,0.9766666666666667,29.092347113612348,0.7566666666666667
807,340.3170020580292,3.4201732588722993,0.9766666666666667,29.090914653135933,0.7566666666666667
808,340.73672103881836,3.4166828829150093,0.9766666666666667,29.08949399826054,0.7566666666666667
809,341.15499234199524,3.41320913620378,0.9766666666666667,29.08808492251222,0.7566666666666667
810,341.57426023483276,3.409751827573006,0.9766666666666667,29.08670276173889,0.7566666666666667
811,341.99443221092224,3.4063107591110318,0.9766666666666667,29.08533749888106,0.7566666666666667
812,342.41784620285034,3.402885725366915,0.9766666666666667,29.08398289567637,0.7566666666666667
813,342.8395781517029,3.3994765124284,0.9766666666666667,29.08263868780616,0.7566666666666667
814,343.26038098335266,3.396082896850981,0.9766666666666667,29.081304596421827,0.7566666666666667
815,343.67957520484924,3.3927046444120568,0.9766666666666667,29.07998032596342,0.7566666666666667
816,344.09985423088074,3.3893415086609697,0.9766666666666667,29.078665561694226,0.7566666666666667
817,344.52013516426086,3.385993229228599,0.9766666666666667,29.077359966911363,0.7566666666666667
818,344.94004821777344,3.3826595298540214,0.9766666666666667,29.0759695961166,0.7566666666666667
819,345.35981917381287,3.3793392625096925,0.9766666666666667,29.07454304065832,0.7566666666666667
820,345.7800261974335,3.376032613000858,0.9766666666666667,29.073124314489,0.7566666666666667
821,346.19858717918396,3.3727396010874666,0.9766666666666667,29.071712943098127,0.7566666666666667
822,346.61858010292053,3.3694598594888814,0.9766666666666667,29.070308408611425,0.7566666666666667
823,347.03894114494324,3.366192988690915,0.9766666666666667,29.068910143833474,0.7566666666666667
824,347.4595470428467,3.3629385517193833,0.9766666666666667,29.06751752550812,0.7566666666666667
825,347.88152718544006,3.3596960679353827,0.9766666666666667,29.066129866699914,0.7566666666666667
826,348.30025815963745,3.356465005644708,0.9766666666666667,29.064746408191617,0.7566666666666667
827,348.7205562591553,3.3532447732660318,0.9766666666666667,29.063366308788773,0.7566666666666667
828,349.14147210121155,3.3500347087372986,0.9766666666666667,29.061988665367064,0.7566666666666667
829,349.5627861022949,3.3468340667608305,0.9766666666666667,29.06061256833425,0.7566666666666667
830,349.9822611808777,3.3436420033810017,0.9766666666666667,29.05923669815885,0.7566666666666667
831,350.4020109176636,3.3404574930759026,0.9766666666666667,29.057859763167567,0.7566666666666667
832,350.8219311237335,3.337279423240788,0.9766666666666667,29.056480321246845,0.7566666666666667
833,351.24066615104675,3.334106599037779,0.9766666666666667,29.055096761749553,0.7566666666666667
834,351.66062808036804,3.330937547662214,0.9766666666666667,29.053707286061726,0.7566666666666667
835,352.08010601997375,3.3277705503830344,0.9766666666666667,29.05230988711023,0.7566666666666667
836,352.50042033195496,3.3246035887475545,0.98,29.050902328290647,0.7566666666666667
837,352.9202072620392,3.321434276764412,0.98,29.049482122571195,0.7566666666666667
838,353.3392593860626,3.3182597746851066,0.98,29.048046512883875,0.7566666666666667
839,353.75800824165344,3.31507667839564,0.98,29.04659245537665,0.7566666666666667
840,354.179162979126,3.311880876172037,0.98,29.045116607673563,0.7566666666666667
841,354.5990161895752,3.3086673614147726,0.98,29.04361532497158,0.7566666666666667
842,355.02031421661377,3.3054299857168634,0.98,29.04208466758979,0.7566666666666667
843,355.440603017807,3.302205220929247,0.98,29.040519984329304,0.7566666666666667
844,355.8598322868347,3.2989413310453406,0.98,29.03891597974715,0.7566666666666667
845,356.2802200317383,3.2956190172145625,0.98,29.037269287876438,0.7566666666666667
846,356.69992208480835,3.2922160775244182,0.98,29.03557523450141,0.7566666666666667
847,357.1201550960541,3.288725133932091,0.98,29.03382921451008,0.7566666666666667
848,357.5461630821228,3.2851217467116514,0.98,29.03202683449043,0.7566666666666667
849,357.9667673110962,3.281375780998005,0.98,29.030164005458705,0.7566666666666667
850,358.38593435287476,3.2774521037563806,0.98,29.028236798741258,0.7566666666666667
851,358.8061189651489,3.2733145309818656,0.98,29.026130451639872,0.7566666666666667
852,359.2263991832733,3.268935771519885,0.98,29.023934843730157,0.7566666666666667
853,359.6470410823822,3.2643152957199524,0.98,29.021701800115835,0.7566666666666667
854,360.0661950111389,3.259502376858985,0.98,29.019430478436412,0.7566666666666667
855,360.48545002937317,3.2546032652106787,0.98,29.017076667254138,0.7566666666666667
856,360.90418004989624,3.249800898026461,0.98,29.01462286034406,0.76
857,361.3257222175598,3.245256219346293,0.98,29.012079739599695,0.76
858,361.74640226364136,3.241048784686957,0.98,29.00949054734604,0.76
859,362.1672201156616,3.2371829638057212,0.98,29.006909082471136,0.76
860,362.5854380130768,3.2336014303679854,0.98,29.00437623177543,0.76
861,363.00465631484985,3.230227020705029,0.98,29.00191281174722,0.76
862,363.4261283874512,3.2269831149729664,0.98,28.999524084977953,0.76
863,363.84671211242676,3.22382152537303,0.98,28.99720459046282,0.76
864,364.2655119895935,3.2207194506951797,0.98,28.994946846796996,0.76
865,364.6846432685852,3.2176586387385466,0.98,28.9927412266924,0.76
866,365.1049020290375,3.214628547082031,0.98,28.990577209705762,0.76
867,365.5246653556824,3.21162510052933,0.98,28.988446012895928,0.76
868,365.9448211193085,3.208646775518075,0.98,28.98633977468057,0.76
869,366.3649523258209,3.205686020646113,0.98,28.984250667476005,0.76
870,366.7840301990509,3.202740969315074,0.98,28.982173740698887,0.76
871,367.2034571170807,3.1998101769256007,0.98,28.98010530767021,0.76
872,367.63040113449097,3.1968924840262645,0.98,28.978043164729087,0.76
873,368.04952931404114,3.1939869415353637,0.98,28.97598592677411,0.76
874,368.4683201313019,3.191092764566288,0.98,28.973933690201157,0.76
875,368.88923501968384,3.188209299966871,0.98,28.971886239091084,0.76
876,369.3102822303772,3.185336001248623,0.98,28.969842803795387,0.76
877,369.7314932346344,3.182472408270632,0.98,28.967803703811356,0.76
878,370.1512939929962,3.1796181305163405,0.98,28.965773217963083,0.76
879,370.5707652568817,3.176772833339563,0.98,28.963761750090274,0.76
880,370.99078822135925,3.1739362267366866,0.98,28.961756179569555,0.76
881,371.4103901386261,3.1711080562636065,0.98,28.959757011530257,0.76
882,371.83090114593506,3.1682880957504684,0.98,28.957764716233704,0.76
883,372.2497012615204,3.1654761414995396,0.98,28.95577971960615,0.76
884,372.67024517059326,3.1626720076909876,0.98,28.953802399284374,0.76
885,373.0901322364807,3.159875522760253,0.98,28.952011671511013,0.76
886,373.5090630054474,3.1570865265504593,0.98,28.950238706448996,0.76
887,373.9288761615753,3.15430486807896,0.98,28.948473214107576,0.76
888,374.3506209850311,3.151530403788017,0.98,28.946715502210075,0.76
889,374.7713632583618,3.148762996176229,0.98,28.944965832202055,0.76
890,375.1914460659027,3.1460025127288387,0.98,28.943118514975996,0.76
891,375.61036014556885,3.1432488250824115,0.98,28.94118098553493,0.76
892,376.0305769443512,3.1405018083735565,0.98,28.93925177354162,0.76
893,376.45094418525696,3.1377613407320264,0.98,28.937331039080714,0.7566666666666667
894,376.8722310066223,3.1350273028875475,0.98,28.935418920424095,0.7566666666666667
895,377.2926170825958,3.1322995778660916,0.98,28.93351553796345,0.7566666666666667
896,377.7203321456909,3.129578050756737,0.98,28.931620997783533,0.7566666666666667
897,378.14055824279785,3.126862608534424,0.98,28.929735394901638,0.7566666666666667
898,378.5616981983185,3.1241531399267357,0.98,28.92785881620182,0.7566666666666667
899,378.9815740585327,3.121449535315655,0.98,28.925991343094584,0.7566666666666667
900,379.40562534332275,3.118751652463769,0.98,28.924133053930728,0.7566666666666667
901,379.8254072666168,3.1160593891682744,0.98,28.922284026198113,0.7566666666666667
902,380.2451741695404,3.1133726727195006,0.98,28.920444338526014,0.7566666666666667
903,380.66493129730225,3.11069139962295,0.98,28.91861407252207,0.7566666666666667
904,381.08644223213196,3.1080154678680953,0.98,28.916793314460953,0.7566666666666667
905,381.50684809684753,3.105344776931989,0.98,28.91498215684596,0.7566666666666667
906,381.9264690876007,3.1026792277896864,0.98,28.913180699858362,0.7566666666666667
907,382.34570813179016,3.1000187229310816,0.98,28.911389052710387,0.7566666666666667
908,382.7649869918823,3.0973631663820735,0.98,28.909601112083273,0.7566666666666667
909,383.1847310066223,3.094712463730156,0.98,28.9078230980112,0.7566666666666667
910,383.6027822494507,3.0920665221534347,0.98,28.906055287598686,0.7566666666666667
911,384.0215051174164,3.0894252504525124,0.98,28.904297838462963,0.7566666666666667
912,384.4410650730133,3.08678855908526,0.98,28.902550922942677,0.7566666666666667
913,384.86030411720276,3.0841563602041226,0.98,28.900814729074778,0.7566666666666667
914,385.27869033813477,3.08152856769572,0.98,28.899089461529115,0.7566666666666667
915,385.69722723960876,3.0789050972231067,0.98,28.89737534249812,0.7533333333333333
916,386.11606526374817,3.0762876813825124,0.98,28.895672612542153,0.7533333333333333
917,386.5357792377472,3.0736748833665075,0.98,28.893977424441296,0.7533333333333333
918,386.95475006103516,3.07106738621278,0.98,28.892294020153614,0.7533333333333333
919,387.37429022789,3.068468095989237,0.98,28.89062284209891,0.7533333333333333
920,387.7949893474579,3.065872614086951,0.98,28.888964211731135,0.7533333333333333
921,388.2151713371277,3.06328091832957,0.98,28.88731847223435,0.7533333333333333
922,388.6354892253876,3.0606929291585865,0.98,28.88568598894406,0.7533333333333333
923,389.05476331710815,3.058108533260198,0.98,28.88406920255819,0.7533333333333333
924,389.4756979942322,3.055527663558475,0.98,28.882470400261774,0.7533333333333333
925,389.8958742618561,3.052950255268644,0.98,28.88088615353084,0.7533333333333333
926,390.31672620773315,3.0503762459749924,0.98,28.879316918484335,0.7533333333333333
927,390.7379972934723,3.0478055757133995,0.98,28.877763173027578,0.7533333333333333
928,391.15768933296204,3.045238187058509,0.98,28.87622541601888,0.7533333333333333
929,391.57981419563293,3.0426740252155975,0.98,28.874704166066348,0.7533333333333333
930,391.9998769760132,3.0401130381171453,0.98,28.87319995988893,0.7533333333333333
931,392.4210481643677,3.0375551765235405,0.98,28.87171335016619,0.7533333333333333
932,392.84100914001465,3.0350003941279557,0.98,28.870244902794724,0.7533333333333333
933,393.2717761993408,3.032448124234362,0.98,28.868795193456197,0.7533333333333333
934,393.69278216362,3.029897350620372,0.98,28.86736480339732,0.7533333333333333
935,394.1142313480377,3.0273495385528433,0.98,28.865954314310624,0.7533333333333333
936,394.5334942340851,3.024804654544925,0.98,28.864564302201824,0.7533333333333333
937,394.95249605178833,3.022279907799751,0.98,28.863195335374463,0.7533333333333333
938,395.37228298187256,3.019758559331444,0.98,28.86184796491593,0.7533333333333333
939,395.7934322357178,3.017240065462881,0.98,28.860522686141266,0.7533333333333333
940,396.21204018592834,3.0147244075888335,0.98,28.859219966599138,0.7566666666666667
941,396.63193821907043,3.012211570954987,0.98,28.857940218273914,0.7566666666666667
942,397.0516822338104,3.00970711035345,0.98,28.85668378313433,0.7566666666666667
943,397.47206830978394,3.0072094615353437,0.98,28.855442278055087,0.7566666666666667
944,397.89137601852417,3.0047147277803266,0.98,28.85419315384087,0.76
945,398.3124952316284,3.002222911875022,0.98,28.852967773015656,0.76
946,398.7323431968689,2.9997340203381126,0.98,28.85176602560497,0.76
947,399.1522572040558,2.9972480632900127,0.98,28.850587639287614,0.76
948,399.57255816459656,2.99476505427295,0.98,28.849432811320842,0.76
949,399.9915680885315,2.9922849466040673,0.98,28.84830102804906,0.76
950,400.41000509262085,2.9898078022207675,0.98,28.847190635755712,0.76
951,400.82901906967163,2.9873336608133236,0.98,28.846100516026787,0.76
952,401.24896121025085,2.9848625468345835,0.98,28.845029300154316,0.76
953,401.6676890850067,2.9823944865124403,0.98,28.843975361352644,0.76
954,402.0858151912689,2.979929507396679,0.98,28.84293681298961,0.76
955,402.50514006614685,2.97746763789029,0.98,28.841911513991608,0.7633333333333333
956,402.9262821674347,2.975008906781101,0.98,28.840897082403355,0.7633333333333333
957,403.35907912254333,2.972553342792076,0.98,28.839890917783862,0.7633333333333333
958,403.7785964012146,2.9701009741686213,0.98,28.83889023271109,0.7633333333333333
959,404.198438167572,2.9676518283208866,0.98,28.837892093148547,0.7633333333333333
960,404.61872601509094,2.9652059315363597,0.98,28.836893466844856,0.7633333333333333
961,405.039115190506,2.962763308774133,0.98,28.835891278330823,0.7633333333333333
962,405.46040201187134,2.9603239835475685,0.98,28.834882468512312,0.7633333333333333
963,405.8797302246094,2.957887977895718,0.98,28.833864056393924,0.7633333333333333
964,406.3001182079315,2.955455312438661,0.98,28.832833200171976,0.7633333333333333
965,406.7218961715698,2.953026006505796,0.98,28.831786415196454,0.7633333333333333
966,407.14213824272156,2.9506000783220325,0.98,28.830719851577122,0.7633333333333333
967,407.5608322620392,2.948177545234255,0.98,28.829633697572874,0.7633333333333333
968,407.9802861213684,2.945758423958751,0.98,28.828526171417995,0.7633333333333333
969,408.3985171318054,2.943342730831539,0.98,28.827395836397415,0.7633333333333333
970,408.819176197052,2.9409305325848942,0.98,28.826241610418048,0.7633333333333333
971,409.24091815948486,2.938521809972808,0.98,28.82506284967042,0.7633333333333333
972,409.6598491668701,2.9361165565739316,0.98,28.823859853489115,0.7633333333333333
973,410.07885122299194,2.933714790249029,0.98,28.822631729757575,0.7633333333333333
974,410.4994361400604,2.9313165347723205,0.98,28.82112470160661,0.7633333333333333
975,410.9194321632385,2.928921807387034,0.98,28.819559776198393,0.7633333333333333
976,411.33807826042175,2.926530626929122,0.98,28.817983801650108,0.7633333333333333
977,411.7587661743164,2.924143012239495,0.98,28.816688770234563,0.7633333333333333
978,412.1795983314514,2.921758982557807,0.98,28.81537490462311,0.7633333333333333
979,412.5993072986603,2.919378557482073,0.98,28.81404276078452,0.7633333333333333
980,413.0214333534241,2.917001809805428,0.98,28.812693584511305,0.7633333333333333
981,413.4495151042938,2.9146289525423605,0.98,28.811338577744323,0.7633333333333333
982,413.86923122406006,2.9122597604845826,0.98,28.80996735880394,0.7633333333333333
983,414.28716826438904,2.9098942536828667,0.98,28.80858113119143,0.7633333333333333
984,414.70633935928345,2.907532451998582,0.98,28.807180269678582,0.7633333333333333
985,415.12521505355835,2.905174374988232,0.98,28.80576559272749,0.7633333333333333
986,415.5435791015625,2.9028200417925105,0.98,28.80433791812738,0.7633333333333333
987,415.9623200893402,2.900469245895663,0.98,28.802898055432046,0.7633333333333333
988,416.38179636001587,2.89812174550787,0.98,28.801446799965543,0.7633333333333333
989,416.80140233039856,2.8957780432462634,0.98,28.799984928179946,0.7633333333333333
990,417.22171211242676,2.8934381556016056,0.98,28.798513194159653,0.7633333333333333
991,417.6408112049103,2.8911008197840875,0.98,28.797032327076828,0.7633333333333333
992,418.06030225753784,2.8887652529269183,0.98,28.795543029427137,0.7633333333333333
993,418.47985219955444,2.8864335622969617,0.98,28.794045975892228,0.7633333333333333
994,418.8990662097931,2.8841058995997377,0.98,28.792734904417316,0.7633333333333333
995,419.3180260658264,2.8817826811964866,0.98,28.791558272251788,0.7633333333333333
996,419.7357921600342,2.8794633777906915,0.98,28.79037586580465,0.7633333333333333
997,420.15615820884705,2.8771486465357303,0.98,28.78918823434073,0.7633333333333333
998,420.5760381221771,2.8748378440051323,0.98,28.787995899666925,0.7633333333333333
999,420.99554538726807,2.8725309770324463,0.98,28.786799356705544,0.7633333333333333
